Datetime,ColumnA,ColumnB,ColumnC
2000-01-01,-0.47407803458875636,-0.45657242976688056,-0.1296005623459757
2000-01-02,0.6512320406513905,-0.2603755377041221,0.5219206415360865
2000-01-03,-1.054006244939691,2.3840273416019313,0.060469166435141976
2000-01-04,0.6847747489729704,-0.8052142378332838,-0.6101942759590538
2000-01-05,1.394423276664668,1.480743913750839,-0.9033929191132644
2000-01-06,1.0439840779742873,0.6798562431150671,0.340399825187293
2000-01-07,1.8293573155764589,-0.09561330106042001,0.09552348532154024
2000-01-08,0.8193753206445432,-0.3436720911453587,0.7761972008311612
2000-01-09,-1.4326175689469156,-0.37367382378124003,0.4378841931316278
2000-01-10,-1.7359468436309093,-0.36898442677701415,0.6668588239935531
2000-01-11,-0.9391626478206173,-0.16423039931887903,0.07098729851506479
2000-01-12,-0.20884482949284838,1.1581240815907434,-1.2389843835234995
2000-01-13,0.36708627172137887,0.7260282870808863,-0.5000231533439976
2000-01-14,-0.3568673881425962,0.668530711404151,0.31987900211154086
2000-01-15,-0.09752530594374652,1.8192221985477837,-0.8158062139657176
2000-01-16,0.05219305500894961,0.18157707024475636,-0.3209823122540448
2000-01-17,-1.0568833599979583,-0.7643206018561773,2.096400777449142
2000-01-18,-0.5910549951926726,1.9922202266146196,-0.9762027071931835
2000-01-19,0.4826117470946841,-0.870916663513153,-0.45209682220281416
2000-01-20,0.4478321698763849,-0.3558021498371737,0.6811257944244119
2000-01-21,-1.4934384908750862,1.6331492657834843,1.7183179375467248
2000-01-22,0.00029713287545812063,-1.6127303198096932,0.809092718660521
2000-01-23,0.23732086519592874,2.0598687330640133,0.7496311405040958
2000-01-24,-1.6758261701516874,-0.8100358549470608,-1.2214741954593733
2000-01-25,1.1819566804933332,-0.4697653150202653,-0.100196393426739
2000-01-26,0.7404454703068389,-0.6352514153324971,-0.9052348962658243
2000-01-27,-0.2189838439967732,1.921000109305391,-0.1413545340246588
2000-01-28,-1.1144931591814868,-1.4822515293436331,0.4600194553234863
2000-01-29,0.3504145493152825,-1.6497916724453696,0.48922007676396934
2000-01-30,-1.4592121974993892,1.2385485299156747,0.4183585180458003
2000-01-31,0.29258902656635866,0.1977009691892102,0.19714225276051514
2000-02-01,-1.5523459057911726,-0.5356659172914127,1.0126614289369231
2000-02-02,0.5027922624978483,0.4556734102838476,1.25102244107509
2000-02-03,-1.3672874122320735,-0.03949190238957385,-0.5900427397432615
2000-02-04,-0.925665437930777,-0.012508567123608968,-1.9539059416039701
2000-02-05,0.2877574604536441,1.88464447104646,-0.31945917185873773
2000-02-06,-0.6574411254357573,0.348840242936,0.3502489767601688
2000-02-07,-0.4087699755837939,-0.21073083050172328,-0.18411601915369866
2000-02-08,1.671950352398024,-0.022339188952369388,-0.0729581453059444
2000-02-09,0.022400289101969798,0.04100033409820639,-0.5688107213820087
2000-02-10,-0.694389951890943,1.447859917689173,0.4760401518017993
2000-02-11,-0.8489860812636765,0.7603952937321267,0.2321077719630808
2000-02-12,-0.024134891475298736,-0.4286914940727279,-0.4923380634066393
2000-02-13,-1.767100294349403,-0.10871346425989337,-0.41263463775626313
2000-02-14,-0.13429174785211112,0.22304659066968022,0.2775431827620616
2000-02-15,1.043701697026375,0.3895308475915095,-0.5310364511383557
2000-02-16,0.06744982647943995,0.24090794694050585,-0.8823308396390828
2000-02-17,0.9839992043241638,-0.9304615873030634,-0.11018629564411146
2000-02-18,0.05222414123040978,0.6220123706143815,-0.2335134171664608
2000-02-19,-1.369651686875169,-0.6642334793185318,0.4310600028912805
2000-02-20,-1.6451010251873108,-0.854472284305341,-1.43503245678824
2000-02-21,-0.5216639658210435,-0.07333502057737322,3.0395215331857677
2000-02-22,1.107236306674963,0.9053420299588929,-0.09808426408520635
2000-02-23,0.9455429195402525,-0.45716329766000374,0.4319189456249417
2000-02-24,-1.6457128033166617,0.3566179476853722,1.2141212350927495
2000-02-25,1.2952026996964325,0.09176273156940383,-0.5613121139554746
2000-02-26,1.3877149323796392,0.21884836057439658,0.7287057751321152
2000-02-27,0.15619224423938902,1.6909821728686518,-0.003187184315038409
2000-02-28,-0.6720997023751002,0.8879645191166669,-0.3133618315163312
2000-02-29,-0.15465404091927842,1.2614305862560835,-0.053840671453270504
2000-03-01,-0.39634831009234656,1.20988893761248,0.0192248705524328
2000-03-02,-1.3545625291082375,-1.3192021125635345,-1.3863081727102677
2000-03-03,0.2439317668813496,-0.3571063353536216,1.0610496074058766
2000-03-04,2.09802141211645,0.02966594731640444,-0.6729265179188713
2000-03-05,0.029226035557563326,-0.1441799221670061,-0.04050004904141816
2000-03-06,-0.15559263292562117,-0.05285146547700819,-0.35757417888068116
2000-03-07,0.3865056241053829,0.09638644889632915,1.5986569962491695
2000-03-08,1.6706464175123144,-1.6396549894891885,-0.6491628089221791
2000-03-09,0.027978486010650203,-1.009233610517542,0.5400700251120149
2000-03-10,-0.6795645980810963,0.5892254591267038,1.4291387340261081
2000-03-11,-0.1827881839817296,0.06187490679565286,0.1486603517490975
2000-03-12,0.01817538798459235,0.15391930802411963,-0.08256751955529334
2000-03-13,0.7488865362264671,0.5393410810637153,-2.3857140365142886
2000-03-14,-0.5635610785556359,0.17827339503560252,1.823772499720477
2000-03-15,1.1108437381590508,0.2614429803214069,2.776718479275979
2000-03-16,1.00134901142632,1.1967891086408176,0.9013125560245121
2000-03-17,-0.22073202182219334,-0.3656184781470917,-0.13998561149984637
2000-03-18,0.468850926078421,-0.07433112708697942,1.2155064191986207
2000-03-19,-1.2668161546659236,-1.7492565441812091,-0.5784915306854952
2000-03-20,-0.27883794071684936,-1.9552933985985215,0.15970289468743243
2000-03-21,0.2912916316205246,-0.9020602297881742,-0.020248679612449423
2000-03-22,1.905896886877584,0.15779101266863146,1.6840434521020713
2000-03-23,-0.020107924606128046,-0.8641267751244581,0.6627056226566888
2000-03-24,-1.0016403910993632,0.4776274657776262,-0.07130003547585792
2000-03-25,-0.9389609888713724,-1.382643530805271,0.41952508509542275
2000-03-26,-0.9699386223200883,0.9654034676906635,1.0211347746561847
2000-03-27,-0.5287724553069211,-0.060021988179027486,-0.6254014334465386
2000-03-28,-0.005669543328219292,-0.8862576168183691,-0.47000049973574815
2000-03-29,0.44847739670886405,-0.5977501725197505,-1.496402972762501
2000-03-30,0.2880154383742631,-1.7283160825269432,0.2722234262183116
2000-03-31,-0.8246275072738788,-1.709370525315946,1.2552654826333975
2000-04-01,-0.590670426634601,-1.6443529960073675,0.25946525533909587
2000-04-02,-0.673242972698758,0.5363391217780331,-0.1930166479115381
2000-04-03,-0.16557011401501417,-1.121626972610022,-1.481906566045923
2000-04-04,-2.9171295496739242,1.124321644913723,-0.3532878952832692
2000-04-05,-1.0595618256802755,-0.04931365776172129,-0.015451406836095125
2000-04-06,1.5109462867531864,1.4211255098407989,-0.799157005841778
2000-04-07,-1.3517313159543907,-1.2655484166886761,-1.9009959610546463
2000-04-08,-2.936397743397316,-2.045532311918328,0.32221908242453673
2000-04-09,1.2324303980921378,-0.3966584355130442,-0.27875122939417324
2000-04-10,-1.5080729374128437,0.510784568531417,2.025855688332625
2000-04-11,0.2209524737594557,-0.44878819249206,-0.21315826001062615
2000-04-12,0.7877830996258705,-0.814959908513982,0.19603796972428744
2000-04-13,0.40417438293296404,1.2187566414632434,-0.17737680984654994
2000-04-14,-0.4411658928181818,-0.19743138258620851,0.47335713153798825
2000-04-15,-0.3236104861080316,-0.8727290278660921,-0.7358938801746733
2000-04-16,0.2933681013946364,0.9386161689415596,-0.4612367297361904
2000-04-17,0.09472598488860218,0.09457431161757027,-0.9157961268350833
2000-04-18,-0.4180182057551909,1.368934033937309,-0.5425824446348944
2000-04-19,0.9557387097865542,0.4668001898551171,-0.21597168911970024
2000-04-20,-1.0740832459236025,1.874482150151476,-0.9883331003427662
2000-04-21,-0.555221042863321,0.5147309988909127,-0.03843586812144814
2000-04-22,0.053945908363696116,0.8460257768938159,-0.5534467252566997
2000-04-23,0.9196083095715093,0.6740186171694418,0.3724213843127108
2000-04-24,2.2518014767676284,-2.0625198446953004,-0.7536510634725477
2000-04-25,0.8863184464646439,-0.38033482527812373,0.5278459244621654
2000-04-26,0.17644790227380017,-1.0448201422269658,-0.5587453565582622
2000-04-27,-0.7048101656181223,2.2757659800524945,0.45272479747071426
2000-04-28,-0.7039109998136166,-1.3460749444826516,0.9506468538133133
2000-04-29,-0.29568799144083163,1.3468658741526536,1.1540858716123534
2000-04-30,0.14616243856879454,1.1013885786095647,0.8029747531038373
2000-05-01,0.2028796144940679,1.1301727830649622,-0.8172575090638564
2000-05-02,0.2892194051837332,-1.1760444437502986,0.34603110086721584
2000-05-03,-0.9508882067268488,-0.4289780929136049,-0.34298794199644494
2000-05-04,1.2140230633136329,0.18025802443718855,-1.800076689096657
2000-05-05,-0.8841176672011345,0.6304059076277678,-1.2009848451674598
2000-05-06,-2.3570336352071877,-1.0927907950030298,-0.792687888178112
2000-05-07,0.6025214731194756,-0.043999833727075485,1.0030645423685594
2000-05-08,-0.9118609939626987,-0.32360340139866944,0.4718258378972595
2000-05-09,0.132073537462764,-0.04586810599440965,0.3254328251384159
2000-05-10,1.9679378146380542,-1.3458119351094984,0.34382107885437885
2000-05-11,1.1933565498344456,-0.6132490326865973,-0.2979521159485833
2000-05-12,0.4319481531010563,0.15082092185945215,-0.029118252366211194
2000-05-13,-0.3317041936428794,-1.0514395777939605,1.80676633851396
2000-05-14,0.16569228808792447,-2.1432342729671325,0.6010645319777846
2000-05-15,0.7309617888687004,0.0037152055244678356,2.0698487473811435
2000-05-16,0.4535378954548212,-0.4549974563090388,-1.573686488177166
2000-05-17,0.27289512181984665,-0.9070010235881637,0.6632811814112173
2000-05-18,0.4103282320298656,0.6524052667608551,-0.7241938945423868
2000-05-19,-1.0627064320309054,-0.16436922577147123,-1.6291175376287526
2000-05-20,-1.7163840159376567,0.42664538244921013,0.4530825560387967
2000-05-21,1.0380326906739241,0.04218211128982279,-0.10697855174060716
2000-05-22,-0.8649116935714097,-2.5085910911592415,-2.1120672188402523
2000-05-23,0.6696090563222029,-0.88376020247529,0.7376299387484465
2000-05-24,0.9443793937484373,1.1287852367697562,-0.12744593277227734
2000-05-25,-1.4737737459120543,-0.3197754110764497,-0.290541280758407
2000-05-26,-1.5140077262687113,0.6214114996969463,-0.4664238102461494
2000-05-27,0.7941400137512028,0.7139847968773477,0.8033664215752658
2000-05-28,-0.04641182597578481,1.2725266872238894,-1.3607877445253331
2000-05-29,-0.73046054979339,1.2588490866659972,-1.3425360244295732
2000-05-30,-0.8442178392011626,-1.5914477140925354,-0.13784588674790824
2000-05-31,-0.9468863488996587,-0.8722016619936028,0.2662897337229772
2000-06-01,1.031362824200189,-0.07745150927189703,0.09059349750640402
2000-06-02,-1.326828495544256,1.4211340629246398,0.7392263858668923
2000-06-03,0.5600712133511419,-2.677360835186399,0.4960226566921898
2000-06-04,0.2951409854218492,1.5669758494372248,0.1525221774011383
2000-06-05,-1.6003000001657568,-0.11106163911752408,0.9172127129344531
2000-06-06,0.02079388571586578,0.08401352996621315,2.713124112502179
2000-06-07,-1.62286591493546,-0.6061315192789004,-0.7941168887342184
2000-06-08,-0.2321912572818114,0.4302298241409673,1.4862195045836726
2000-06-09,1.4937270918444334,-0.04270647167549626,0.38105707277265416
2000-06-10,-0.5597677468426262,-1.58724542720855,-2.4688247175560027
2000-06-11,-0.2992631668146821,-1.4609991964716156,-0.5818011111727511
2000-06-12,-0.5973830807372345,-0.9950135043852809,1.7467657798835465
2000-06-13,-1.2395951942477965,-0.1888545672539935,-1.074611244341093
2000-06-14,0.2586021367416087,-0.5670933040697408,0.956674641638707
2000-06-15,0.49113791302262305,0.3733420045888352,-0.3655673100508929
2000-06-16,0.9203403645547724,0.7148356301027052,2.3555882061331013
2000-06-17,1.9996328397216656,-0.6132135929602729,0.8747165081819511
2000-06-18,0.08890100487764321,-0.6024569789996722,0.5828601635863804
2000-06-19,-1.1354082677932025,-1.265342463506596,0.24140299736616921
2000-06-20,-0.5498858440748118,-1.9466612876066718,-0.659520869159724
2000-06-21,0.4243849401435411,0.27760655623014746,0.3447946627353939
2000-06-22,1.6683034194391924,0.4704003201533492,1.5600181902471124
2000-06-23,-0.275822470393616,0.7970962552285165,-0.40310941776799764
2000-06-24,1.384537021980431,-0.872996922482098,1.601509408148851
2000-06-25,-0.17547158272888572,-1.067562757528222,-0.5839705129638273
2000-06-26,2.4991642498423836,1.2150247947536128,0.1610455117384671
2000-06-27,0.7712665316215439,0.08834456245602974,-1.6676765961731086
2000-06-28,0.9835062277035579,0.7356114948401338,0.6609107043830375
2000-06-29,-0.25793998867174495,-0.09923543413064706,0.31660643698716795
2000-06-30,-0.3580849331749296,0.8953601118737261,-0.26756210169035066
2000-07-01,-1.472197187488399,-1.5320590230507,-1.158536652873934
2000-07-02,-0.525255210888636,0.2201693608356106,-1.8059910029958084
2000-07-03,-0.6780125595239499,0.4564218735890904,0.8476597229755277
2000-07-04,0.007357091731315467,-1.1309350536846636,-2.367613874142691
2000-07-05,1.1160882859898495,-0.20953453567532865,-0.24767725887931216
2000-07-06,-0.28162573225217513,-0.12020531708371,1.5217359322212758
2000-07-07,0.6517338757510721,0.1610702796285848,1.0305388509563593
2000-07-08,-0.09060620419775622,-0.5759769312907949,-0.024634860478873956
2000-07-09,2.560848485374465,2.6264746441861444,-0.9296521058069421
2000-07-10,0.6844660574700041,-0.1663933146922778,0.831557578090713
2000-07-11,-0.18012063964297265,-0.8157144458292893,-0.3447509268675615
2000-07-12,-0.3158076979793944,1.1617685640344948,0.7402061273684675
2000-07-13,-0.16319052125251773,0.6365885573981992,1.310438899179618
2000-07-14,-1.317750216263332,-2.062920241956981,2.5332358438822573
2000-07-15,-0.14534102585177489,0.46172590328039875,0.5309432116586004
2000-07-16,0.3543030257821915,-1.3511294308463941,0.4937783304794586
2000-07-17,-0.5142756715113335,1.318005696813216,1.2613942488595415
2000-07-18,1.2007204263556994,-0.22513229024357537,0.13790583849326551
2000-07-19,0.945742166638726,0.4163266532301651,-1.0807819629073976
2000-07-20,-0.6838774814713681,-2.9962881193003414,0.48086060025169697
2000-07-21,0.5499827799769706,-0.6347762956661172,0.8247562073819555
2000-07-22,0.8217171307932095,0.2037143543702698,-1.4527659885710782
2000-07-23,0.6177309974182374,1.8208018018912313,-1.3246274662671544
2000-07-24,-0.8099026610266622,0.3466753900599765,0.5904158020368038
2000-07-25,-0.6221604783530996,-2.3831466242552097,1.382391703570426
2000-07-26,-0.2627019929513626,-0.752566142820303,1.7191849246336735
2000-07-27,-1.1725217842890585,1.2775449544490594,-0.2881523606777202
2000-07-28,-0.6792212588425312,-0.2834965079244333,0.09349561241744975
2000-07-29,-1.3012961917110863,0.5837258637643761,-0.504711353305823
2000-07-30,-0.3059726008849773,-0.24640381193310276,-0.7695563376367954
2000-07-31,0.7720556209332808,0.3119411891650847,-1.1751926714779413
2000-08-01,0.8654809808090765,-2.333671745024192,0.07442476521874086
2000-08-02,-0.20583330520605553,0.426661175306036,0.19329187966960887
2000-08-03,0.022446850462876963,-0.6112323663725618,0.6892865147721875
2000-08-04,0.46724027949765096,1.6643066486639184,-0.4779482688630898
2000-08-05,0.5660249013006268,-0.41014737378023114,-1.0290347440819483
2000-08-06,-0.680266254703383,0.8797352172654228,-0.23629096984873363
2000-08-07,1.6485472516426263,1.8839469262130115,-0.4017970544729331
2000-08-08,-0.3358850858708943,-0.25127046477407045,-0.6044195407487286
2000-08-09,1.1303207547374472,-1.2544023344677362,0.46099957037410183
2000-08-10,0.6296078880841659,-0.42745906661434896,2.1147374740317515
2000-08-11,0.7202139099725354,1.3158284948713963,0.9151659911993979
2000-08-12,0.27502612882908584,-1.511150219392578,-1.0523608464667888
2000-08-13,-0.3820538593658267,1.1737422630309464,-0.8419729514867248
2000-08-14,0.6270526215148761,1.2669043360664287,2.262758797082546
2000-08-15,1.6885157919480434,-1.134750663363273,-1.311848191122339
2000-08-16,-2.246605795038195,-0.03632398563806459,-1.1355495974700183
2000-08-17,0.5382169524527056,0.7912019075475416,0.018558867989680115
2000-08-18,-0.055340236874244955,0.43421605528805673,0.1281709071336926
2000-08-19,0.09888976708399087,0.3763803245131151,0.6866284976318344
2000-08-20,1.6166316699867238,0.662125309951722,-0.5384671594278286
2000-08-21,1.2253829772162703,-0.8556358928403064,-0.01637693570141948
2000-08-22,-0.2550069357457042,0.729292924328692,0.24114549916699846
2000-08-23,2.8869357871965513,-0.6262034078863432,-0.3144629642240186
2000-08-24,0.1298058439906636,0.537712645332421,-1.2951297723248594
2000-08-25,-0.04897579145386405,-1.0308507306346144,0.36260987934988587
2000-08-26,0.9467599973360349,-0.03031569480318789,-1.386478937262714
2000-08-27,-0.599281224697368,-0.4232963395044043,-0.34825225319653164
2000-08-28,0.24976294602978247,1.336546835146784,-1.1671335027246357
2000-08-29,-0.4972744619383198,1.0507212997938868,-0.16040197403571413
2000-08-30,0.4279922354691492,-0.22845540838438097,-1.292912255028473
2000-08-31,-0.799842401176236,0.4509252727712967,1.1725452537084413
2000-09-01,0.9046781749142655,1.0198249791732636,0.036821211236411334
2000-09-02,0.8316751979188098,0.39438676457719973,0.15374352388593418
2000-09-03,-0.016299815894585998,-1.856925719454236,-1.1363933480094355
2000-09-04,-1.1169604108974882,-0.1081259558749613,-0.020766468831615613
2000-09-05,-0.5563960855529131,-0.5916672972370085,1.3332203301581476
2000-09-06,0.5421021242543077,-0.17887481127269791,-1.913723331189047
2000-09-07,0.41274716965355623,-0.1895188744629699,-0.8827096667529948
2000-09-08,-1.5834401526027102,-0.6003671003967657,0.44621183032231254
2000-09-09,1.3519572614290354,0.11122664464035964,0.8665689909646266
2000-09-10,0.9028491341690916,0.5190435228909874,0.12659485528055706
2000-09-11,-1.415157394717485,0.5539652678206796,0.4621728203613377
2000-09-12,-0.5721697732267184,0.5530888743625885,0.9665163945564789
2000-09-13,-0.1982101641876176,-1.6715145460344052,-1.720147825865216
2000-09-14,-0.3392968505413305,0.5529424768068312,0.39175946093455244
2000-09-15,0.8428717480991208,-1.0882980832512632,-0.03488437843264945
2000-09-16,1.7087732866665388,0.5530405408394803,0.3080590724771841
2000-09-17,-0.47597076234215857,0.3417535884092842,-0.3048329979190576
2000-09-18,1.3439339825719103,1.3534330703603383,-1.0756603982845678
2000-09-19,-0.1322507991398498,-0.9138574047040765,1.8003837558609521
2000-09-20,-0.4357578366455817,-0.7859592714000073,-1.9500382282629218
2000-09-21,0.8261906076120863,-0.19096283838366956,0.8969003273961657
2000-09-22,0.022980661987602742,0.8379032627791263,-0.837296674417394
2000-09-23,0.09315735430572915,0.17944680245209715,0.21028675364093147
2000-09-24,0.1822082269341138,-0.8770392636841964,-1.4607673709909221
2000-09-25,-1.1182825039992899,-0.8874683317635272,-0.597622042787618
2000-09-26,-1.019104453491291,-0.8433642174428141,-0.5643662842233147
2000-09-27,2.0307168892327256,0.3432558912499686,1.3489881742752197
2000-09-28,1.7268915559508249,-0.19946469451213708,0.4770483881561805
2000-09-29,-0.07133548447778276,-0.8494343007845022,0.37672425250632374
2000-09-30,0.788679413743526,1.1762833478914807,-0.10445695946496357
2000-10-01,2.113158834471358,-1.4695634003985172,0.3092145599409677
2000-10-02,-0.8992719323358667,0.3831734910621298,0.1061746152097174
2000-10-03,0.24923582103464217,-0.482207298959211,1.4200219947856545
2000-10-04,0.7930098232314626,1.8946232960355056,0.37175608844894753
2000-10-05,-0.05172993007290604,-2.3896408989861064,-0.48036901577278013
2000-10-06,1.0767690844578666,2.3393561408150383,0.512408734094076
2000-10-07,1.2684992545389588,0.2907313330401997,1.1165284194084104
2000-10-08,2.5828188311499782,1.8888930345984767,-0.4782851197346793
2000-10-09,-0.7112584313766978,-0.6039147579251725,0.6825186708121119
2000-10-10,-0.12016636982249483,0.513732614960434,-0.7921531874185155
2000-10-11,-0.6766591791070213,0.5654521830896106,0.5413505399194947
2000-10-12,2.2508006108208924,0.6035293391374454,-0.5284613792937678
2000-10-13,0.1696125259589683,1.3453859904793053,0.17131337278158118
2000-10-14,0.7391439658848085,0.5211403879212961,2.063324294420172
2000-10-15,2.8883965314769657,1.0619760596889118,-0.2217554077215457
2000-10-16,-0.5759357016781225,1.0531146378081586,-0.15358234310703717
2000-10-17,0.7448594329266436,-0.3850916496428389,0.9476086356713327
2000-10-18,0.06685149466814914,-0.26832800391373085,1.9069887179658405
2000-10-19,-0.6751140309312278,-1.0390661003664556,0.8892680333890489
2000-10-20,0.94637379887643,0.2921185802738045,-0.6211242544849033
2000-10-21,0.605504695525532,-2.254655890053736,-1.480688914792804
2000-10-22,1.1969055156338113,-1.3201040652756104,0.18729238805659837
2000-10-23,-1.3764734371506022,-1.0187515310091946,1.1233213877741812
2000-10-24,0.46707463650670084,1.496588010411408,0.2857997301882125
2000-10-25,-0.25025621385948094,-0.1607021374384033,-0.264762409964769
2000-10-26,0.8668699877524545,0.701944087081131,-0.1309588669343629
2000-10-27,0.1636387478374485,-0.224830702518292,0.42788989933717286
2000-10-28,-0.7076971463984266,0.6889615945454028,-0.9044576341618865
2000-10-29,-1.3848818623301369,-0.5488355458491023,-0.1246069536032095
2000-10-30,-0.22324068585934548,-0.37260894047098886,-0.985151934262877
2000-10-31,0.3074816724664726,0.052786921602667146,-1.155575315763023
2000-11-01,-0.2618575771468006,0.7700108483470921,-0.6136102145343357
2000-11-02,-0.2483149339176893,-0.23528753163123534,0.41968000820189405
2000-11-03,-0.49004187513480196,1.2478380923908399,-0.7861040334643703
2000-11-04,-0.3409881655005442,0.343397958442088,-0.8555864822053807
2000-11-05,0.9596116506095125,-0.8284247230662706,-0.8629306621856427
2000-11-06,-0.615155845521922,-0.5908996089250752,-1.4862742358247827
2000-11-07,2.1657069245848506,0.5948787840998333,-0.9197438616711763
2000-11-08,-0.6135445776296464,1.3691399120765937,-0.14417371222468714
2000-11-09,-0.4990629930743202,0.14987339037819083,0.7644715845825962
2000-11-10,-0.026099108046539383,-1.8769186019578046,-2.419692985540403
2000-11-11,-0.3026453728658275,-1.4486708677558986,-0.4345154571854657
2000-11-12,-1.5190726282584703,1.6512887134204934,-0.7890157619861025
2000-11-13,0.7655311710985357,-0.6015060942619782,0.4036357664810547
2000-11-14,-1.2003315757632702,0.26215577249418104,0.17998547076706278
2000-11-15,-1.3858758943573781,0.980828057890785,-0.05204635557539946
2000-11-16,-0.6270628740009502,-0.20096529464593102,0.40096966945901685
2000-11-17,-0.6086174759614209,-1.5839353712902966,0.27710284855015216
2000-11-18,-0.28373837211135816,-0.8728288919455233,-0.8152500641489904
2000-11-19,0.4203231225086006,-1.0169271723558142,-0.07103581923212858
2000-11-20,0.5579087267771696,0.7619243196627516,0.7573787905387728
2000-11-21,0.9299394553039828,-0.3428552551540968,0.4528016747762637
2000-11-22,-0.45097791576009094,1.5799148009792345,0.8722846832656687
2000-11-23,0.49359436100530074,1.2439999402040187,0.9762281942038356
2000-11-24,1.250389262309814,2.486216974475515,0.43821556173364656
2000-11-25,-0.430180648691109,-1.551483283452494,1.2553354663815852
2000-11-26,-1.1257466728190448,0.33139686019970277,-0.1757323726309341
2000-11-27,0.4927255941309372,-0.1564569584791249,1.1528999411257153
2000-11-28,-2.4450942378248475,0.9495196757062982,0.5725036177464785
2000-11-29,1.3086706894955766,0.3123500480062395,-0.9178562513308128
2000-11-30,-0.17515837980913954,-1.483424565581849,1.3315000132919201
2000-12-01,-0.44977433599646616,-1.3644865547453575,1.604769234424671
2000-12-02,0.5013099706169969,0.22700210672806184,1.0077318699732998
2000-12-03,1.6934721023742982,-1.3153025287779454,1.441681971352141
2000-12-04,-1.341624590112906,0.9920125429874641,1.2045955050822712
2000-12-05,-0.6434608314834199,0.3500305749655857,1.4223049829947132
2000-12-06,-1.071100694469253,0.13005688728864867,0.8171753452033785
2000-12-07,-0.4955931604740396,-1.5748968605450828,-0.002447722076739723
2000-12-08,-0.5481502148010929,0.42081981359325055,0.9038347854266171
2000-12-09,0.04508958509402881,0.38925332805251445,0.0850542794472631
2000-12-10,-0.45983919745529167,-0.9973196903488659,-0.282684581359001
2000-12-11,-0.7717224937116011,0.7981483464054986,1.108688234346864
2000-12-12,-1.5548154639421397,-0.3633884796675768,-0.8393646135919327
2000-12-13,0.6632125410867772,-0.5470378896875725,-0.8256038699148107
2000-12-14,1.4726667047772186,-0.4890505108702041,0.08975743941571544
2000-12-15,0.9102605940478347,-0.4627076887640585,0.4315336617425637
2000-12-16,-0.29325542912357155,0.01278462997631448,-0.8412698868013238
2000-12-17,-0.006939926946515666,0.9830290907541736,0.22548608606921955
2000-12-18,0.022723374567705183,1.1582769455978337,-1.4335670889207444
2000-12-19,0.06068945638065539,0.036563454628636756,1.0827210672907108
2000-12-20,0.8678816543276359,-1.2717095265936331,0.0684057881103417
2000-12-21,0.6346754851774757,1.190337262132999,-0.0024182221438300844
2000-12-22,0.7846739059223345,1.7892718672285104,1.9002057948704176
2000-12-23,-1.6369893193893763,0.7769405729656288,-1.343739285882008
2000-12-24,0.8918959874517992,0.07431813553204941,-1.4868661506336533
2000-12-25,-0.551915048736672,0.2434548047000645,1.0654553925398613
2000-12-26,1.9308444264785867,1.329604285998232,-0.14244741250100096
2000-12-27,-0.0767978754196409,-0.7433724455129342,0.45559437745786785
2000-12-28,-2.387512350671349,0.6658900168746793,1.3929243303342882
2000-12-29,1.7837715511167913,0.4072491482146874,0.43243455411239634
2000-12-30,-0.8492728355863867,-0.45526082374077914,-0.07833906245486953
2000-12-31,-0.2527728019399657,0.6821141710752486,-0.8317325799285131
2001-01-01,-0.41315832508519773,1.332315725265267,-0.46401927003493537
2001-01-02,0.24851790607094829,-0.1759932637397933,-0.7021104603669336
2001-01-03,-0.4733741441504711,-0.6963036008065369,-1.6651131885614874
2001-01-04,0.6041144179916996,0.826040228181005,0.28236463964031205
2001-01-05,-1.7745725337843672,-1.2478041457244426,-2.706891175494993
2001-01-06,0.4353965879042145,-1.0689654131989235,-0.4056044127027408
2001-01-07,0.91569300660795,0.6304030495487952,0.049359937847549176
2001-01-08,0.10319474079435977,-2.648129950182386,-0.38755517774359144
2001-01-09,0.378786208004915,-1.0084943975604832,1.6419881053921883
2001-01-10,-0.3800392144899461,0.7918487198284693,0.9168619420383685
2001-01-11,0.39817975667317346,-0.7626312919967169,0.11148580240038428
2001-01-12,-0.3166690428548719,1.617653889576262,-0.14001854781805245
2001-01-13,0.20065725561938783,1.8178881943172458,-2.7026943520730415
2001-01-14,-0.5120711034983333,-0.5978206739873595,-1.587012818601625
2001-01-15,-2.32584778536773,0.39054603071270283,-0.032503652308978885
2001-01-16,-1.1651921454649443,2.143262661511765,-0.0969925546937348
2001-01-17,0.4709470735569201,0.7272996216059242,-0.9685191003528715
2001-01-18,1.2071836939778107,-1.2609164519694744,2.1715582014302015
2001-01-19,-1.2064100383544012,0.7080247581453283,-0.004589926860740385
2001-01-20,-1.4787672278733062,0.7871409315778091,-0.15175576735243518
2001-01-21,1.0442975299174633,0.8646350739558133,0.061391193452000926
2001-01-22,2.317403702652097,0.671899850836559,1.1632924677948997
2001-01-23,-0.8361212752591515,0.9780566970051026,0.49140580669265843
2001-01-24,-0.8110721038756938,1.40201546256069,-1.3208237833142094
2001-01-25,0.3069877848607662,-0.37083339553010414,0.9064777263243973
2001-01-26,1.2345321804045288,0.22713110444837134,-1.012981554303703
2001-01-27,-0.23744085552919503,0.010312306040602695,0.4910784726838582
2001-01-28,-1.2448819765937544,0.38057280545093786,-1.4582610020571185
2001-01-29,0.21239406899386187,1.607455884234812,1.0102846038344515
2001-01-30,-1.396376185859615,0.9316811326498886,-0.6440280766114956
2001-01-31,-0.32638539891552754,-2.5421445959401257,0.43329902367291123
2001-02-01,-0.13004329328305397,0.8619937356479175,0.6178028726145471
2001-02-02,0.02677140789153164,-1.642256405476374,-1.4787506816886271
2001-02-03,1.8562377692551275,-0.08911441579031133,-0.11132176625965094
2001-02-04,-0.21649417233580515,-0.6412093695976427,0.0790572302989558
2001-02-05,0.7245910540077664,0.2654736942154729,-1.5895192125530226
2001-02-06,0.8911153205088042,0.4004180492421103,-0.24285424919059126
2001-02-07,1.3911639554503774,-0.5658165885007927,-1.740082254628671
2001-02-08,0.28302225417825067,0.8928506910519243,0.9712431950061172
2001-02-09,-1.1052138613898186,-2.13327381488545,1.7006187645498565
2001-02-10,-0.8379065687591883,0.3498869480035604,0.11703202683711136
2001-02-11,1.1826939174447058,0.6170645339155258,-0.7136065194302266
2001-02-12,1.8908799994392604,0.4827564026138792,-0.8060140124475103
2001-02-13,-0.9041635781350815,0.40740143985411176,0.8220710401538042
2001-02-14,0.21447878742164458,0.049977343053822926,1.280797462238367
2001-02-15,-0.07284951127872642,0.937205386919193,1.4340367622862766
2001-02-16,-0.9743967949876753,1.097230033054811,-2.3791466548786944
2001-02-17,0.9709108372743426,1.1564126752146346,-0.08878450782671717
2001-02-18,2.0186275052516964,-0.5440734023100797,-1.213365699756623
2001-02-19,-1.8929612856747062,0.2729896320536031,-0.798722833642967
2001-02-20,-0.48087433191849005,1.212862686355001,0.6224508354189868
2001-02-21,-0.03546683513878736,-1.3497361132541625,0.45070174726714607
2001-02-22,-0.4092299254230305,-1.3316374790961987,-2.0405447702779864
2001-02-23,0.9091745054317698,-0.7171904854040889,1.163151730553979
2001-02-24,-0.32006304912222633,1.1179147770579565,-3.2499065598448578
2001-02-25,-2.4130064163880323,1.4085451230397528,0.6539769436051408
2001-02-26,-0.5948265197341513,1.1380842904352024,-0.6343638997009129
2001-02-27,-0.1588262180329367,-1.129341509353733,-1.1567978282651865
2001-02-28,-1.9905015809802502,2.7294270678228836,0.290352533454337
2001-03-01,1.0015632530954963,0.5534626358844372,0.5340256191603934
2001-03-02,3.283793381392195,-1.451538500073885,0.2706871860282839
2001-03-03,1.5053349663564242,0.6738722617783834,-1.2135600395419563
2001-03-04,-0.5686362448106829,0.5484518736711206,-1.4991341572251924
2001-03-05,-1.517258909680993,-1.4570395512536913,-1.1876272244372708
2001-03-06,2.0987109930911907,-0.5141105331166221,0.0860363274447287
2001-03-07,-1.5881625944606907,3.255881350908146,-1.4462968270126229
2001-03-08,0.031209359878539965,-1.3509853296877807,-0.5038507483237561
2001-03-09,1.1980027502894588,2.1417575511856914,-0.8894012793065774
2001-03-10,-0.39925197689858305,0.4352765822340026,0.9799652579507525
2001-03-11,-0.49392298230337167,0.21579212963207994,-1.1651470199978784
2001-03-12,-1.6395984327286748,1.0137893009380805,0.11964997634610658
2001-03-13,-0.21628118780418262,-1.274978588289391,-1.2682083617751463
2001-03-14,1.1848249688892882,0.5168819090674054,0.5365601214371939
2001-03-15,-1.869239635017016,-2.6183263654808813,0.9405468267905331
2001-03-16,-1.0327302893895411,0.31921919121604686,0.6679962783191729
2001-03-17,1.611501401961576,1.7756188171837026,-1.090142756580103
2001-03-18,-1.3722638578888673,0.03959852032790972,1.231459620575369
2001-03-19,1.409476336004151,0.1723069510111876,-0.9245890811628573
2001-03-20,-1.7380908831731903,0.48623540831579354,1.1109546714237568
2001-03-21,0.9392152826870909,-1.054658742930302,-0.7495399151208101
2001-03-22,-1.2164758266203497,-0.7609314998749482,-0.32254776593552864
2001-03-23,-0.049135844118748453,-1.0099362491398054,-0.05511523597470657
2001-03-24,-0.9831916032833687,0.5334535370501228,-0.7768868164975927
2001-03-25,1.4028069874710125,-0.2666904946488773,-0.22382693180678495
2001-03-26,-0.7394353069232336,1.1631974338222246,-0.5506530233170152
2001-03-27,-0.6319076108393366,0.23680566020956612,0.7698674906495031
2001-03-28,1.1073578629135203,-0.692418553375797,-0.8829016780887001
2001-03-29,-0.1676949510240235,-0.9809333294055695,-1.7860358482258865
2001-03-30,0.2724927144323665,-0.4060231265164931,1.0014005983812537
2001-03-31,-0.19076632145936198,-0.6678374490118072,1.0317488573401088
2001-04-01,-1.3990606775271075,0.04657982531841591,0.12184876795237166
2001-04-02,-1.3159487425932577,1.9152886387961645,0.4547711256988788
2001-04-03,0.860995052718364,-2.1091222174316697,0.8395874396975503
2001-04-04,0.5297891309777096,0.17792622044483555,0.8842069468177142
2001-04-05,-0.21217976295854843,-0.1851792873198215,1.463955474069204
2001-04-06,-0.49985705128970054,0.31199848855128043,0.5268369304032543
2001-04-07,-1.0868641558907872,0.34974388350697067,-0.5197734200619515
2001-04-08,-0.12712173479811675,-0.44913262239853413,0.09446993664808324
2001-04-09,-0.32962193674240714,-0.9637111766892295,-0.9606194013265614
2001-04-10,-0.46524979070218203,0.335675470117056,-1.9090842271867348
2001-04-11,0.7610554100352201,-0.5955314717205953,1.0336273085804764
2001-04-12,0.4431246737910152,1.2322788261895474,-1.0272733566617753
2001-04-13,-0.9582588614559246,0.10028240592901795,-0.17295958940856931
2001-04-14,1.271440138759912,-1.4361458523809514,0.838236046399717
2001-04-15,0.2048678711917805,0.41226686222568765,0.04107681017220822
2001-04-16,-1.6639508257269795,0.9063815651536393,-1.557577989945983
2001-04-17,1.0014891621210662,0.643282147280186,-0.32345297803268575
2001-04-18,-1.8982671127907016,0.22215770002961926,-0.2888224998583134
2001-04-19,-1.2944704755788132,-1.1351976883911716,-0.4026946682535304
2001-04-20,0.6806907272429413,-0.03302171363262553,0.1647316334247807
2001-04-21,-0.23761180847228588,1.2115396965154606,-0.03484879869151829
2001-04-22,0.08599263643788765,1.1653510448240314,0.44096810342870635
2001-04-23,0.7017544674359147,-0.06118660955794368,1.304683970513108
2001-04-24,0.025197790259341175,-0.3969842300339325,0.24555527376002853
2001-04-25,0.1906152433471015,0.5903549047799348,0.2750846900455969
2001-04-26,-0.7182843089018494,-0.18722777722000422,0.7722462355919201
2001-04-27,1.1324092044824268,-0.32074099950824725,-1.3076463463583026
2001-04-28,0.7141457491596793,0.39966956621508404,0.8335379989604166
2001-04-29,-1.0653143294812755,0.44688518047809617,0.19053299756003023
2001-04-30,-0.17180896372309437,-0.20442457514879958,0.4318654867721631
2001-05-01,2.7373501699979332,0.9933529900623275,0.3973542211036385
2001-05-02,0.13701003202309708,-1.432018542154429,-0.5155170055103553
2001-05-03,1.5440753078260028,0.6302901476685037,-0.7699682155104989
2001-05-04,0.09441862185383457,-0.20939700146699786,-0.9816780995574045
2001-05-05,-0.10018656061622462,-0.7390155923712312,0.13454346011397258
2001-05-06,-0.36337195024625213,0.5936302797772787,-0.21049585740534735
2001-05-07,0.9041188487244098,0.4152578575951901,0.6711377492029866
2001-05-08,-0.8586388874242725,1.5702235142541436,0.708374013681244
2001-05-09,0.49230125035822664,0.38177089204267156,1.1670579882097156
2001-05-10,-0.46455326493586857,-1.7005092890387303,-2.2535361493996904
2001-05-11,1.0196099044186726,-0.09900014890903448,0.44077292311703037
2001-05-12,-0.4528605173563255,-1.6010520067837695,-0.2900665158345625
2001-05-13,0.2168607261124364,1.6719305791978278,-0.43613147026777377
2001-05-14,-0.8841999308180382,-0.0268598016885862,0.09158816339940201
2001-05-15,1.0121239913221034,0.760366122447129,-0.973351345932681
2001-05-16,1.2854936368403205,-0.7037745341653555,0.1938726313496243
2001-05-17,0.7258925557871445,0.22465668774989364,-0.2709973482294791
2001-05-18,0.870158598028027,2.0726598818045,-0.7459218481229452
2001-05-19,1.330665590366455,1.2554650411332395,2.408614837404931
2001-05-20,-0.897610098146246,0.30190790508665344,-0.5506924862322109
2001-05-21,-0.256427413480828,-0.3409245522177807,0.14259635414268385
2001-05-22,1.1402499940283635,-0.5918439516861342,0.3541194193501165
2001-05-23,0.25724738245542494,-1.0787145468387256,1.1113932993979874
2001-05-24,-1.0183362888664877,-0.5470009146976542,1.3871990686909978
2001-05-25,0.17585438107004558,1.1013106703253106,-0.5816155513408766
2001-05-26,-0.3336618318827824,1.7205600610729692,0.22363898933723475
2001-05-27,-1.258345711194109,0.4839175602641196,0.06310121929950417
2001-05-28,-0.6417991372525124,0.47009392950919693,0.011898098220000293
2001-05-29,-2.3746333659961376,0.5253916801750768,-0.8661438271478599
2001-05-30,1.335676915648105,-1.223281670428114,-0.551997490552851
2001-05-31,1.98681894467236,0.39743038916610574,1.1708235747548679
2001-06-01,0.6624832854697636,-0.775815131197574,1.082616407634574
2001-06-02,-0.08199827011731815,1.1234047355374595,-1.735171659490004
2001-06-03,1.2525943743681536,1.7728234896606667,-1.3327298273131576
2001-06-04,1.1307959991446965,-0.35199327493665905,-0.009378491257382547
2001-06-05,0.39462030570216367,-0.22927878829108903,-0.5712332799379617
2001-06-06,0.3866351643098565,-0.4303969240858651,0.8030962152246655
2001-06-07,1.0711531646135286,1.266553207066784,-1.2169154628566574
2001-06-08,-1.3158083314548765,-1.087356276103762,-0.20403974195955274
2001-06-09,-2.0284326653422506,-0.09016839081134678,1.4468199634783745
2001-06-10,-0.5167677059330433,1.0567524649334628,1.2005106808633457
2001-06-11,1.6231617948002355,0.36550612664329285,0.07379350335619697
2001-06-12,-0.1910907504276307,-0.6622817383783066,-1.2616249622839852
2001-06-13,-0.4361003198759714,0.24894535086979627,-0.793895055692332
2001-06-14,0.3584704733358496,0.5879419393883178,-2.3164955071429922
2001-06-15,-0.9185886661950574,0.5371850175619374,0.20384628266677018
2001-06-16,0.6961381578438792,-0.010752885294168077,0.3725151873345426
2001-06-17,1.772977938463044,-1.2764792014037938,1.9313825652380858
2001-06-18,1.0704771585329516,0.4704088578370463,0.3110990956710771
2001-06-19,1.1877181528246459,2.38892114093762,0.6971421809841409
2001-06-20,0.590373969549755,0.10202185639327653,-0.5409422137281472
2001-06-21,-0.2533951936583095,-0.5381432248607428,-0.6745660195076653
2001-06-22,-1.9635169643593888,0.9194998798964129,0.4775158793795555
2001-06-23,1.860666520358904,1.2682957379247475,0.12147328445308908
2001-06-24,-0.42380558466845497,0.24013823802254466,-0.6830728688008784
2001-06-25,0.9317783436260303,0.3604629787127355,2.060993660638059
2001-06-26,0.5030350568995062,-0.18383790866221592,1.1220705087916965
2001-06-27,-0.2595791053216341,1.2007883945418274,1.3481066248769074
2001-06-28,-0.7777787198341353,-2.7286903942307825,0.14804725712087533
2001-06-29,0.42623496366158486,0.3205607764822739,-1.1484342563541803
2001-06-30,0.11546873318875231,-0.22695215214386594,-1.650140020806925
2001-07-01,-0.12183090842401685,0.0545275060433299,2.67388101909897
2001-07-02,0.08507921282538668,-1.9583169887190588,-1.6748720247235829
2001-07-03,-0.11473131872539158,-1.5014049858055951,0.30605874839707853
2001-07-04,0.35397728399951606,0.2576573492804613,0.8422712000636521
2001-07-05,0.38953463216412804,0.12866702771958272,0.04720814106257966
2001-07-06,-0.01085073008604199,-1.114105976736364,-1.1191843832856023
2001-07-07,0.6561493005623825,-0.5786135219741599,1.0345189185550914
2001-07-08,-0.7014399096659295,-1.1610875562596121,-0.14392946380757915
2001-07-09,0.6136718145171663,0.436849768654973,-0.8806734770360725
2001-07-10,0.07974023730301155,-0.03691784665090115,-1.5328478362212805
2001-07-11,-1.4346059262375779,-0.2130092969869928,0.7161608894489642
2001-07-12,1.2100282044048885,-1.6824892442087522,0.1266577529808904
2001-07-13,-0.7744878603707978,-0.04363313143518052,0.18812296131383643
2001-07-14,0.22338300407010944,-0.1315276653188123,-0.9886357057789538
2001-07-15,-0.7966818895767528,-0.2468074658708462,-1.6560158931747953
2001-07-16,-1.7311910479929544,1.5809587566099346,1.3874611467496103
2001-07-17,1.6310022268746451,1.0383696091800936,0.7225708344577095
2001-07-18,0.18609120384402433,-0.5875597074330924,0.31636300971114406
2001-07-19,-0.9025689492116464,-0.9044252257121972,0.33047651410135465
2001-07-20,-1.5323845418782522,-0.10423627926723895,2.0123048530578087
2001-07-21,1.0145080632761416,0.9856352792211697,0.39447730500145706
2001-07-22,-1.3866861320562667,-0.24002073220064124,0.480098842033235
2001-07-23,-0.5878586430025103,0.18183042683129558,-1.2903083327796485
2001-07-24,-1.107971553997438,1.3082606983249914,-1.1267978332561357
2001-07-25,-1.3833668314613037,0.316521856000728,-0.2508653176548251
2001-07-26,-1.6235980366215712,0.9264532287532697,-1.420970656129542
2001-07-27,0.9647697686390193,-1.0847674035125505,-0.3090024250316983
2001-07-28,-0.9819126382896974,-0.7683355413726551,0.3909164675043398
2001-07-29,0.06446862321601571,-0.42346986429658995,0.6683234214746078
2001-07-30,-0.7208945229249728,-0.5667245741749017,0.5419591811493601
2001-07-31,-0.24143660161772748,0.6570982654712314,0.16750485222168837
2001-08-01,-1.0760443097878114,0.46764484808859785,-0.17009918608573613
2001-08-02,-1.9918319845492105,0.47899416909481385,-1.7480683986653118
2001-08-03,0.17761467907287898,0.8979116045106965,0.9652060621209144
2001-08-04,1.1556214551445525,1.2501702729671482,-3.5017191898074005
2001-08-05,-0.07424269560299736,-3.183487165391452,0.9483088827464189
2001-08-06,-0.3762221044534599,-0.24600962621644554,0.9760769813464241
2001-08-07,0.27129726648541985,1.1530324681699555,1.2067922419653976
2001-08-08,0.9474472291461069,-0.8721524164127221,-1.0158170561594666
2001-08-09,0.13357036491919325,-0.3466939877661895,-0.3653085494614717
2001-08-10,-0.5519697009619563,0.3011822826047267,0.11166169896163591
2001-08-11,-0.942673358177076,-2.408252744829246,-1.685471180762336
2001-08-12,-1.4175768942920117,-1.5376159607034885,-0.7746065856186477
2001-08-13,0.4079482851868814,0.7579029993042956,-0.9469326477008094
2001-08-14,-1.432847836250457,1.712955917942374,-1.0082646144144185
2001-08-15,-0.9761044857286963,-1.3806358623753232,0.08617371523927088
2001-08-16,0.13244247638130058,-0.5225554499684664,-2.400157556635115
2001-08-17,0.7824050401945238,-1.0827518940909082,0.05198910910850475
2001-08-18,1.5959067905188034,1.6169467873274876,2.5242690377292143
2001-08-19,0.34913763501035944,0.004638090022827962,-1.12168053391834
2001-08-20,0.19612068020708137,-1.4869058380280564,1.861578892649816
2001-08-21,1.0825904466359533,-0.0002669689823315887,-1.0174784178809482
2001-08-22,0.03807698871979535,-2.0269455281953443,-0.005062478354443519
2001-08-23,1.1727848710608022,0.23668565634156188,-0.32547544873271494
2001-08-24,0.8714427837823705,-0.185423959774526,0.4388504633495875
2001-08-25,0.7166709216575217,0.4322336704129826,0.05403382097345544
2001-08-26,-1.2271660101837183,-0.23648470866754917,-0.40051225150897174
2001-08-27,1.156012275205906,-0.3263098436021526,1.2174679830978603
2001-08-28,0.34418226535769664,-0.706477730954467,1.2231127468603962
2001-08-29,-1.1256841417970702,1.5122372642386621,0.7670727725109208
2001-08-30,-0.6325019155092347,-1.5101257293307977,0.671251153715265
2001-08-31,0.44327866660467075,1.9700647563436842,0.768971070930239
2001-09-01,-0.21310395469844579,1.0855980652360921,-0.5830404049295793
2001-09-02,-0.6416813462239195,0.7367023340749538,1.3204308866932073
2001-09-03,0.7773215167856377,-0.34036935879922103,-1.1915902924295918
2001-09-04,-1.3816343806786098,1.2542603791533655,0.24289981743300054
2001-09-05,-0.5738085902058954,-0.3005705279177005,0.8986909533863682
2001-09-06,1.7098407179839092,0.3644882821718011,-0.19913203449340405
2001-09-07,0.160299682163251,-1.235060134478822,-0.3677267895346782
2001-09-08,0.7497086249316688,-0.170641333842486,1.3359141676147712
2001-09-09,0.20361406341523,1.781840009076839,-0.456431323887863
2001-09-10,0.31157702357598166,0.2691188893025269,0.008189159950854145
2001-09-11,1.0804143331296703,-1.6934717458665087,-0.4721077713969244
2001-09-12,-0.46944671658784703,1.817952444753296,0.4015918430866325
2001-09-13,-0.7463488315723297,-2.4654590190511665,-0.1845963391105451
2001-09-14,-0.6539647005704975,-0.3597703952497847,1.0937417814460184
2001-09-15,-1.4755409133957518,-0.16688442261402253,1.498677046653995
2001-09-16,1.242791868309983,-0.10432149479672322,-0.6931668560716586
2001-09-17,-0.74449123113241,-0.6404938527273714,-1.1455029315621905
2001-09-18,0.41684929964115164,1.247321260886156,1.1488291671392024
2001-09-19,-0.2237404824384172,1.5454460946049478,1.942428971614035
2001-09-20,0.07678139684636479,0.2666067308661083,1.2873091249996351
2001-09-21,-0.6151041834311395,-0.03119233421720973,-1.808351831450922
2001-09-22,-0.27370296858464044,-2.2854655195892684,0.022999609694775606
2001-09-23,1.1710465564199746,0.08695723665741814,-0.10043968698266428
2001-09-24,-1.061743216679816,0.7362492639112411,0.5659870755266139
2001-09-25,0.21204411902551365,-0.6200527263121347,0.5984481319023716
2001-09-26,0.17468856172532407,-0.3791582196652856,0.5900428968349812
2001-09-27,0.497668831861568,-0.24781343123643923,-0.1296043721230647
2001-09-28,-1.882184189376396,-0.6332608023426627,0.8152068792229553
2001-09-29,-0.06848869434693244,-1.2279310274111004,-0.7456765644534891
2001-09-30,-0.36007540056542037,-2.1848218822959242,1.4583017003841485
2001-10-01,-0.21391450912697232,0.9862649042611287,0.6845802034327032
2001-10-02,-0.7991365921989496,-0.8799452420753638,0.1395854544871907
2001-10-03,0.724264421087277,-0.40577807744442257,-1.0145200268704575
2001-10-04,1.0554334634691487,0.25974515642624846,0.7932258221649595
2001-10-05,0.9169748535189908,0.6146625724607564,-0.8841012518301394
2001-10-06,-0.46699985491651513,-0.3804703256556538,-0.5320089576463641
2001-10-07,0.9988425226420573,0.6665007784890399,0.006409831149799332
2001-10-08,-0.2033822332471648,-2.433060866629291,0.22765021169611502
2001-10-09,-0.3635399136857221,1.9133420830426604,0.9608990778828974
2001-10-10,-1.29486417970961,0.17484661346767014,-1.1027355713652365
2001-10-11,-0.42540598956212883,-0.4006050048928754,0.03314444910479128
2001-10-12,-1.0263667692261111,-0.21932722198557877,1.198116730511088
2001-10-13,-0.5059888286929547,-1.5606753789476133,-2.1398706410638786
2001-10-14,0.021612110903941887,0.38022342721907404,0.7426181966422034
2001-10-15,0.4722330874971035,-0.8684604643015081,1.0734008076578136
2001-10-16,0.9127105703279339,-0.22228627300968035,-0.7779024496494378
2001-10-17,1.7231763420063972,0.6593542957089403,2.2991829612046217
2001-10-18,0.06117176278846938,0.32643131511947143,-0.09927463123599062
2001-10-19,0.42050543215677,-0.60959831390532,-0.5038248209606659
2001-10-20,-0.8108406853722264,0.021864446429304338,-0.13095004269678584
2001-10-21,-0.7783875545286205,0.4523296546427098,-0.01192243897278501
2001-10-22,0.5098104539408741,-1.9141114188739385,0.14611136049308118
2001-10-23,-1.0232436650236605,-0.32661838342444205,0.7556968038477881
2001-10-24,1.1429123302303674,-1.1208839121961705,0.07836020921829441
2001-10-25,0.8945810680937887,0.0373424338453322,0.4676976882816119
2001-10-26,-1.5982537205547145,1.8581390709123422,-0.19947749819919672
2001-10-27,0.3292477755559381,-1.285316477985724,-1.4873556374874681
2001-10-28,-0.0501591777783498,-0.704461452845741,0.7808930688177754
2001-10-29,-0.152770137226708,-0.5924371704936686,-1.6158144728860793
2001-10-30,0.1331622059086226,-0.41272370105225004,0.441497790779618
2001-10-31,-0.9969666058819274,-0.633349781306157,1.1554002198648714
2001-11-01,-0.537576064220051,-0.4207333383185476,-1.304959008722947
2001-11-02,0.4138099749958088,1.1050287539311046,-1.1594108088666846
2001-11-03,-0.32913503856987314,0.4982709618096754,-0.7659320622923717
2001-11-04,-0.2694886502126629,-0.678990275217609,0.8412923287487046
2001-11-05,1.2359445766569193,1.579307208296444,0.6540714117815731
2001-11-06,-0.3980109082173024,-1.4451761561009637,-1.3019877438358922
2001-11-07,0.5636459871378275,-0.3368292290208255,-1.0358199432434239
2001-11-08,0.3871407149738275,-0.5226806408483398,0.35654320854975824
2001-11-09,0.9771057002524133,-0.4927715868268512,-1.3370019258759451
2001-11-10,-1.1673103548975854,0.07040893491923664,-1.4175175023290423
2001-11-11,0.4433986313601386,-0.2604923593189803,0.8283225503143431
2001-11-12,-1.0124816877825122,-1.1014012217544078,0.09220933886205136
2001-11-13,1.08544006444342,0.7994042945993095,-1.512940838795931
2001-11-14,1.20760396129073,-0.42771671506327796,1.6399458612913251
2001-11-15,0.23410089859903135,0.2194250090251591,-0.46061119781740223
2001-11-16,-0.19329337889046935,-1.3199674072978687,0.03703683759448341
2001-11-17,-0.611101257079183,-0.08172516185602755,-1.2319810970042344
2001-11-18,1.0976301520016338,-1.035739729985036,-0.1489235633561162
2001-11-19,-0.3716667699449954,-0.5536477425347617,-1.2181415737122077
2001-11-20,0.3125493306429399,0.09131227253264221,-0.14531643423818957
2001-11-21,-0.48707167806009777,0.07763157748470345,-0.4855004120572921
2001-11-22,0.8386238452721172,0.47808508136073347,1.5552282135324695
2001-11-23,-0.4074614042890466,-0.5747497574499274,-0.2260778156980745
2001-11-24,0.1740677707237737,0.28078325301182394,0.028903224986826653
2001-11-25,0.9618359697184229,-1.1880530164971739,0.3287982356361449
2001-11-26,-0.0902732898932798,0.9781327806179735,0.191633205029186
2001-11-27,-1.4682428359853001,0.2096468024409095,3.2287061924065252
2001-11-28,0.10911785647937178,-0.2076443775597582,-0.5028369646301027
2001-11-29,1.1488214055437485,-0.18612586963054334,-1.6677880722063962
2001-11-30,0.6546944785274885,0.8061200840194984,-1.316520444435806
2001-12-01,-0.3804079293867353,-1.156908279180974,0.22459943735537888
2001-12-02,0.35253373872413213,0.15606977608774425,-0.1710476506948376
2001-12-03,-0.021093373523658275,-2.0482059172091764,-0.845670455701698
2001-12-04,-1.446493497397252,1.0541493036039316,-0.3922465216605199
2001-12-05,-0.4843392784504067,-0.09815436938550291,0.40865182617445045
2001-12-06,-0.4894178969803407,1.1318010079698833,-0.376120799814938
2001-12-07,0.08613285640570172,-0.7038868166964549,-0.23664675467104454
2001-12-08,0.0272213031862891,1.5065661959205467,-0.04632878566161217
2001-12-09,-0.7859328831340183,0.8128815349121364,1.481050032788208
2001-12-10,-0.06857119786390552,0.7524591926878119,0.0705436854250048
2001-12-11,-0.5237528207899887,0.013917860049050662,-0.45082167873894397
2001-12-12,0.2983236855683942,-0.7159720223473741,-0.9941416452354158
2001-12-13,-0.050100335682584964,0.514098356697938,1.3086703331859315
2001-12-14,-0.9660547324256967,-0.639575394661443,-1.4703343040672365
2001-12-15,-0.23009024453781196,1.4519954406093842,-0.05294882108520068
2001-12-16,1.4935505706356387,-0.9690817093685546,0.2412055048764712
2001-12-17,1.2826394808250987,-1.9876747049753292,-0.8588194901835571
2001-12-18,-1.0527315934387786,0.2254715072857119,-0.42859923278032563
2001-12-19,-0.7520843767985503,1.5429648992369345,0.5941687308554078
2001-12-20,0.3449844088782053,-0.6335936479590962,1.0785211029839354
2001-12-21,-0.9165714134866099,-0.7154792090690665,0.29454853148304255
2001-12-22,0.5707696032745793,1.0890825000602495,0.14729931474375538
2001-12-23,-0.03672618869804764,-0.1820185499726153,0.30503498666897483
2001-12-24,0.5877033325629283,-0.33202693882770584,-0.5214464058715244
2001-12-25,-1.3431077586881144,-2.332716818037115,0.351523538614084
2001-12-26,-0.710695281047809,-1.653678953560261,0.4563178752480791
2001-12-27,-1.2591827336309735,0.027239963818880934,0.42980109955098933
2001-12-28,1.338980137694054,-0.37462018577688605,0.3067242837810852
2001-12-29,0.11828783043854002,-0.8142230998572253,0.20761080973897064
2001-12-30,-0.45185830117388576,1.2128589561407388,1.0758938077400422
2001-12-31,2.4234772271697302,0.7901653482533525,0.008888179613734067
2002-01-01,0.03821465536603732,-0.08057399476715363,-1.5684090004073603
2002-01-02,0.24042636618405128,0.47304994559352326,0.14014731360931115
2002-01-03,0.21684558869034845,-1.114524731766323,0.5898533785972232
2002-01-04,1.2852607928026376,0.5680542095920081,0.3324351876853804
2002-01-05,0.2532626067762415,0.5730624720072636,0.04307221908065446
2002-01-06,-0.4899165426799994,-0.5102929185222792,0.072552615406618
2002-01-07,-0.5667849273310054,-0.47403594682039846,0.21973501322166356
2002-01-08,-0.8036833529927505,-0.1491387998183828,0.2823655230645938
2002-01-09,1.200739999227158,0.9612977561664419,-0.702562578807761
2002-01-10,-2.117108722841002,-1.5421939183103215,1.4331986264836842
2002-01-11,0.4208569181863629,-0.6837866821989311,-0.7343327647057722
2002-01-12,-0.9308266433891278,-1.5408580487776267,-0.3576869048788029
2002-01-13,0.7166047759296843,0.28391051693374936,0.1520323261963781
2002-01-14,-1.1579243975178903,0.7357063543969019,-1.2145664132068354
2002-01-15,0.5761834589974291,0.6433462381731412,-0.9635470275902334
2002-01-16,0.1684648031538544,-0.9518881269992779,1.033129118923419
2002-01-17,0.9783640578662861,2.14080140400948,-1.0547917858977012
2002-01-18,-0.9821569750318938,-0.47795712311273525,-0.18644281727709192
2002-01-19,-0.4639556418344737,-1.5322691882330353,0.8143647596364414
2002-01-20,-0.8662669128756906,0.35973904190632816,0.21240375538514042
2002-01-21,-1.2990817174697866,0.2982540969102083,-0.1306434065720952
2002-01-22,-0.6390172960470728,-0.6910004055466993,-0.4853687670402046
2002-01-23,1.2627333619436616,0.946311160474905,2.390743218871541
2002-01-24,0.8018389131840854,0.3335778146343622,0.7420023613335068
2002-01-25,-0.16514275605480105,-0.05510055811995068,-0.8162619462420955
2002-01-26,1.5158325204296301,-0.563303224897912,-0.47374046947820175
2002-01-27,-0.00418781744985932,0.8195957702250877,-0.37095906861111055
2002-01-28,0.6393479277265564,-1.3980879132451676,0.619355148376558
2002-01-29,0.5583636358514842,0.5393408628115874,0.6408607411794814
2002-01-30,0.645964397662021,-0.9967126392885526,0.7436804804978594
2002-01-31,0.14010640064332475,-0.014737750119748911,0.9772364562387578
2002-02-01,1.3449621971685175,1.90961026004266,0.6680716869300026
2002-02-02,-0.4632366089057105,1.8590323408617784,-0.7582821227625354
2002-02-03,-0.07617932539525066,1.3681390278268137,1.4827229413197927
2002-02-04,0.00726151432736446,-0.4635250504443605,-0.760836825087644
2002-02-05,0.4362014154337685,-0.8645352480066323,-0.7678979177414336
2002-02-06,1.5220548683226918,-0.7152004207403556,-1.060686244455063
2002-02-07,-1.1639025939936827,1.539859353841425,-1.1234830689149438
2002-02-08,-1.4566473242801985,1.4355836119534042,1.2431354978591331
2002-02-09,1.2606461811780383,-2.441876542755149,-0.2182618370141819
2002-02-10,1.1349708376564633,-0.2873267750015064,-0.7735855257647989
2002-02-11,-1.0280607629881275,0.08731336572421537,-1.2611036986847286
2002-02-12,-0.02847257731999921,0.285498970651548,1.6771712151893774
2002-02-13,0.1667401413179567,0.5608038656873332,0.2629838039917883
2002-02-14,-1.283962736005418,1.0831199155219815,-0.005430868057970585
2002-02-15,-0.3287972475743496,0.6364669841933722,-1.5029763965389298
2002-02-16,1.5554411170909517,0.6756655795585703,-1.3024195121826183
2002-02-17,-1.5846907369095111,-0.3758860636688889,-1.9118546999228623
2002-02-18,0.1937797797836571,0.9590228104715249,-0.22552083972686418
2002-02-19,0.4279447971073577,-1.2013887561318293,0.7215595390455514
2002-02-20,-0.21993669077336472,-0.4237977997496505,0.9749850001085082
2002-02-21,1.594943553510613,-0.5589994173771863,2.590427674874836
2002-02-22,0.14953643793583613,-1.8245831577842948,0.02310745309228983
2002-02-23,1.8591096588390312,0.0976431119158809,1.6130847084682398
2002-02-24,-0.2125949407571843,0.6184284796808216,0.7328469108120127
2002-02-25,-0.9546690385154667,-2.033592721404426,0.18375603885460423
2002-02-26,-1.502464066290519,-2.513883852878666,-1.559268480074063
2002-02-27,-1.0909860297174039,0.33339872062330334,0.7195415373473848
2002-02-28,-0.6658144255717855,0.3145180967399037,2.0805368871879923
2002-03-01,-0.7638190027705989,-0.3889520021576084,1.1359773666327035
2002-03-02,-0.002817486123089647,-0.28339652527048936,0.9794452054661217
2002-03-03,-1.6101126602709273,-0.41762829644622185,1.2338192875036202
2002-03-04,0.0754310453690934,0.19770392781534685,-1.2302668750762906
2002-03-05,0.022127043827902152,1.3402535878621102,0.8967376114244872
2002-03-06,-1.1200298648757596,0.27572941095110837,1.302091455877644
2002-03-07,-2.0117788928720564,-0.16590976787255837,1.1165790394108366
2002-03-08,0.07401431442488039,0.3140986807758292,0.14392764464966376
2002-03-09,-2.43371567820537,2.4004758431810362,0.7327135694575472
2002-03-10,-1.0058034869913388,0.20814139683047447,-0.8851083932728429
2002-03-11,-0.6467146528909739,0.46582918960428005,1.6944217273793856
2002-03-12,0.5470014833874991,-1.3666712710922488,0.07514685326010054
2002-03-13,-0.6492465793727562,-1.0853275647667273,0.47491679483013005
2002-03-14,-0.23211512336389387,-0.32319788336559413,0.8386778973455913
2002-03-15,0.40722881188427057,-1.029629246432639,0.7565126678010059
2002-03-16,-1.7869165927451613,-0.8724173502466318,-0.4907137616581241
2002-03-17,0.20462233555778994,0.4733312195861826,1.2235800370140206
2002-03-18,0.6079444413180246,-0.850626875168737,0.6249305843853143
2002-03-19,1.7158092761069803,1.8149793833827397,-0.7054163136412496
2002-03-20,0.23133402049891214,-0.501135559937053,-0.3835889150239423
2002-03-21,-0.8007372874455437,-0.8824759489786034,-0.20475984564445687
2002-03-22,0.8723051313455031,-0.47355948020041233,0.6997129705289176
2002-03-23,-0.9392185937520792,0.09434074892456751,-1.0984680230668769
2002-03-24,-0.3561822275012071,1.1697378567500492,1.088415986019668
2002-03-25,0.577019972644422,0.04628421504043229,-1.483633092983106
2002-03-26,0.1784311604119596,1.1772507791229787,-0.0036674634894535854
2002-03-27,0.9181397290572229,1.0394330275031738,-2.0939089184755577
2002-03-28,0.5216521614635736,0.973444094184619,0.7099642856618017
2002-03-29,0.16974956118693454,-0.15113943233062924,0.7557770246694243
2002-03-30,-1.4000134618518747,0.2944455831575732,-1.1864878144520588
2002-03-31,2.5533491577528515,1.7599762248571862,0.3429610830181659
2002-04-01,-0.1389622862703731,1.552320516483273,-0.143166843407417
2002-04-02,1.9412356853835826,-0.8644285919931304,1.2222237991612428
2002-04-03,0.24192050916248867,-0.22082242681173006,-0.0362757200361097
2002-04-04,-1.113137970741599,-0.18774357251245702,-1.1928776765946323
2002-04-05,0.2750301523648011,0.006860919844348107,0.8374420021445393
2002-04-06,1.6060027645129407,-2.3428275024078427,-0.6130804416982207
2002-04-07,-1.1972930086213167,-0.15525580209284026,0.2050957082370591
2002-04-08,-1.2699928826324518,-0.6331532313624637,-1.1702668498421627
2002-04-09,1.00608481704129,-1.806714017691759,-1.7191261889949574
2002-04-10,1.6390020982651767,0.12703798559956173,-1.1620177479648615
2002-04-11,-0.8136673152462055,1.0925962611305722,-0.06366621218368584
2002-04-12,1.7782978800907767,-0.041922211954588014,-1.3794578115147464
2002-04-13,0.7848552247720004,-0.9236014723059516,0.08680567502571833
2002-04-14,-0.7189604521574062,-2.0606250749621053,-1.0545133093335206
2002-04-15,0.9325283125208732,0.08257783240531882,-0.45555666954837953
2002-04-16,-0.11092823323361078,-1.0221095229672092,0.6431632299704223
2002-04-17,-0.8414606894884835,-1.750773890209654,0.22594581608531633
2002-04-18,-0.5517074558347577,-0.4076113784847418,-0.5314867830856633
2002-04-19,-0.8171722244568628,-1.2059508558219376,-0.006656881604708349
2002-04-20,-0.62620326678789,1.0130601136464543,1.4238302019971032
2002-04-21,-0.1304528522582314,0.8142856704484285,-0.20784385648154752
2002-04-22,1.2646811086777519,0.7185349966177239,-2.0171199994890907
2002-04-23,-0.16648303453210594,-0.08083946942783217,-0.854994397674024
2002-04-24,-2.794402290085998,-0.6393838767095853,-0.30795668564932865
2002-04-25,0.26832142763324573,-0.26731421134812827,-1.3577516863352286
2002-04-26,-0.20545230497844827,0.6951608856342384,1.1488417678683394
2002-04-27,-2.0403975278706006,-1.5750857884800047,-0.22821029327686349
2002-04-28,0.8576962584184198,0.8114635993097065,-0.6369523799285188
2002-04-29,0.5778182032067347,1.525315747594175,-0.5344301020232815
2002-04-30,0.1769036229273083,0.568238439346888,-0.3636884982175902
2002-05-01,0.24337263960203373,0.7637459935963837,-0.270891473811391
2002-05-02,0.3264757725475524,-0.8864437071002794,0.8712360355660062
2002-05-03,-2.100143804712014,-0.6198693530224475,-0.6162853219292456
2002-05-04,1.3474917940594404,0.5243219601790275,0.38827717975111836
2002-05-05,0.06591753262217194,0.691610750311961,-0.4294994261825354
2002-05-06,-1.3034542284703707,0.49922127890430906,-2.4378954995091937
2002-05-07,-0.03920256332303756,-1.3810618868324136,0.022144163346063263
2002-05-08,-0.6269302700200949,-2.671188092245994,-0.25232575539129515
2002-05-09,1.0822278904013023,1.4331636317162495,0.4814312699710594
2002-05-10,-0.23520507926198,-0.5630301288800881,2.239041307426684
2002-05-11,-0.6610806917213047,-1.1404463961729676,1.1083456842720167
2002-05-12,0.3200375669757786,-1.060412128473192,-1.368231467338273
2002-05-13,0.2987119100630564,0.21819225004391463,2.8258908209548297
2002-05-14,0.7464223137952093,-0.7114898084063175,-2.7731014607665436
2002-05-15,-0.7870193590942589,0.36760892843360243,1.1625414458894272
2002-05-16,1.3983847596034382,0.19341522374262043,-0.08183916500005346
2002-05-17,-1.7220102443394383,0.5525325965635207,-0.7268296106646912
2002-05-18,0.011622457332161117,-2.027065097452252,0.1212103907768223
2002-05-19,0.4272452040400034,-0.6324192841788422,0.8713754469475727
2002-05-20,0.13102581767957394,0.5758835504707916,-0.8655116803816385
2002-05-21,0.38042535962371443,0.86408566478383,0.6478894264514462
2002-05-22,0.46144119060590616,-1.0314233183673385,-0.32567123088566413
2002-05-23,-0.37278488726957504,0.28418297265317966,0.24872027019933188
2002-05-24,0.6399496790786924,1.3453293811103277,1.0093671252753602
2002-05-25,-0.5212294718504561,-1.1937072917757003,1.023109514807356
2002-05-26,0.12366361073521039,0.8996422856641351,1.6970932207337146
2002-05-27,1.8843997267547894,-0.12531748344247876,0.273331432269199
2002-05-28,0.7003857089365871,2.161397910381489,1.5765326227251135
2002-05-29,0.9473450367693373,1.263370241940124,-1.0755450700917697
2002-05-30,-1.6893092589984453,1.2536916804152967,-0.7523727027848511
2002-05-31,-1.0309551379605946,0.7125465649864705,0.8108425669396018
2002-06-01,0.8179519344353864,1.3855565830142977,-0.420878460588226
2002-06-02,-0.24542653626209512,1.130792595325106,-0.7186916854120277
2002-06-03,-0.9370073534524664,-0.5180871485250014,0.22768788886292235
2002-06-04,0.07318495454983848,-0.8335137293687891,0.2103941722425164
2002-06-05,1.0322185036969171,0.19747744284722618,0.4859094316510178
2002-06-06,0.034760174540925046,0.8084742847024506,0.3903590209834485
2002-06-07,0.4891046640004281,1.2835959555775547,-0.9975856496000237
2002-06-08,-0.3532158999835204,0.44397290456113186,0.19688054251081713
2002-06-09,-0.21412476094644356,-1.7345707341613195,-1.0149772882779342
2002-06-10,1.3760780303714508,-0.1156402752079794,0.3232119006378217
2002-06-11,1.5431428171408577,1.960847962189735,0.3162185364830635
2002-06-12,1.9600667500032605,-0.002036582926385105,-0.2319912411352268
2002-06-13,1.5335016375836634,0.6129586707068784,-0.11596497339660693
2002-06-14,-1.0363123617773045,-0.540407322780308,0.9784447915922238
2002-06-15,-0.6894096968071037,-0.2945994201110425,-1.2830127026135187
2002-06-16,0.5071792167716843,0.26666826695755225,-1.5733254194246287
2002-06-17,-0.9980348082325766,-0.6039799286237093,-0.14386231125031232
2002-06-18,1.6961430859311823,-0.13407149345393007,0.7815518086473403
